pk,LunarDay,LunarMonth,LunarMonthName,LunarYear,Day,monthName,month,Year,dataFile,hijri_date_value,hijri_date_value
2019-06-05,1,10,Shawwal,1440,5,June,6,2019,Y2019-hijri_calendar.json,1440-10-01,1440-10-01
2019-06-06,2,10,Shawwal,1440,6,June,6,2019,Y2019-hijri_calendar.json,1440-10-02,1440-10-02
2019-06-07,3,10,Shawwal,1440,7,June,6,2019,Y2019-hijri_calendar.json,1440-10-03,1440-10-03
2019-06-08,4,10,Shawwal,1440,8,June,6,2019,Y2019-hijri_calendar.json,1440-10-04,1440-10-04
2019-06-09,5,10,Shawwal,1440,9,June,6,2019,Y2019-hijri_calendar.json,1440-10-05,1440-10-05
2019-06-10,6,10,Shawwal,1440,10,June,6,2019,Y2019-hijri_calendar.json,1440-10-06,1440-10-06
2019-06-11,7,10,Shawwal,1440,11,June,6,2019,Y2019-hijri_calendar.json,1440-10-07,1440-10-07
2019-06-12,8,10,Shawwal,1440,12,June,6,2019,Y2019-hijri_calendar.json,1440-10-08,1440-10-08
2019-06-13,9,10,Shawwal,1440,13,June,6,2019,Y2019-hijri_calendar.json,1440-10-09,1440-10-09
2019-06-14,10,10,Shawwal,1440,14,June,6,2019,Y2019-hijri_calendar.json,1440-10-10,1440-10-10
2019-06-15,11,10,Shawwal,1440,15,June,6,2019,Y2019-hijri_calendar.json,1440-10-11,1440-10-11
2019-06-16,12,10,Shawwal,1440,16,June,6,2019,Y2019-hijri_calendar.json,1440-10-12,1440-10-12
2019-06-17,13,10,Shawwal,1440,17,June,6,2019,Y2019-hijri_calendar.json,1440-10-13,1440-10-13
2019-06-18,14,10,Shawwal,1440,18,June,6,2019,Y2019-hijri_calendar.json,1440-10-14,1440-10-14
2019-06-19,15,10,Shawwal,1440,19,June,6,2019,Y2019-hijri_calendar.json,1440-10-15,1440-10-15
2019-06-20,16,10,Shawwal,1440,20,June,6,2019,Y2019-hijri_calendar.json,1440-10-16,1440-10-16
2019-06-21,17,10,Shawwal,1440,21,June,6,2019,Y2019-hijri_calendar.json,1440-10-17,1440-10-17
2019-06-22,18,10,Shawwal,1440,22,June,6,2019,Y2019-hijri_calendar.json,1440-10-18,1440-10-18
2019-06-23,19,10,Shawwal,1440,23,June,6,2019,Y2019-hijri_calendar.json,1440-10-19,1440-10-19
2019-06-24,20,10,Shawwal,1440,24,June,6,2019,Y2019-hijri_calendar.json,1440-10-20,1440-10-20
2019-06-25,21,10,Shawwal,1440,25,June,6,2019,Y2019-hijri_calendar.json,1440-10-21,1440-10-21
2019-06-26,22,10,Shawwal,1440,26,June,6,2019,Y2019-hijri_calendar.json,1440-10-22,1440-10-22
2019-06-27,23,10,Shawwal,1440,27,June,6,2019,Y2019-hijri_calendar.json,1440-10-23,1440-10-23
2019-06-28,24,10,Shawwal,1440,28,June,6,2019,Y2019-hijri_calendar.json,1440-10-24,1440-10-24
2019-06-29,25,10,Shawwal,1440,29,June,6,2019,Y2019-hijri_calendar.json,1440-10-25,1440-10-25
2019-06-30,26,10,Shawwal,1440,30,June,6,2019,Y2019-hijri_calendar.json,1440-10-26,1440-10-26
2019-07-01,27,10,Shawwal,1440,1,July,7,2019,Y2019-hijri_calendar.json,1440-10-27,1440-10-27
2019-07-02,28,10,Shawwal,1440,2,July,7,2019,Y2019-hijri_calendar.json,1440-10-28,1440-10-28
2019-07-03,29,10,Shawwal,1440,3,July,7,2019,Y2019-hijri_calendar.json,1440-10-29,1440-10-29
2019-07-04,1,11,Ziquad,1440,4,July,7,2019,Y2019-hijri_calendar.json,1440-11-01,1440-11-01
2019-07-05,2,11,Ziquad,1440,5,July,7,2019,Y2019-hijri_calendar.json,1440-11-02,1440-11-02
2019-07-06,3,11,Ziquad,1440,6,July,7,2019,Y2019-hijri_calendar.json,1440-11-03,1440-11-03
2019-07-07,4,11,Ziquad,1440,7,July,7,2019,Y2019-hijri_calendar.json,1440-11-04,1440-11-04
2019-07-08,5,11,Ziquad,1440,8,July,7,2019,Y2019-hijri_calendar.json,1440-11-05,1440-11-05
2019-07-09,6,11,Ziquad,1440,9,July,7,2019,Y2019-hijri_calendar.json,1440-11-06,1440-11-06
2019-07-10,7,11,Ziquad,1440,10,July,7,2019,Y2019-hijri_calendar.json,1440-11-07,1440-11-07
2019-07-11,8,11,Ziquad,1440,11,July,7,2019,Y2019-hijri_calendar.json,1440-11-08,1440-11-08
2019-07-12,9,11,Ziquad,1440,12,July,7,2019,Y2019-hijri_calendar.json,1440-11-09,1440-11-09
2019-07-13,10,11,Ziquad,1440,13,July,7,2019,Y2019-hijri_calendar.json,1440-11-10,1440-11-10
2019-07-14,11,11,Ziquad,1440,14,July,7,2019,Y2019-hijri_calendar.json,1440-11-11,1440-11-11
2019-07-15,12,11,Ziquad,1440,15,July,7,2019,Y2019-hijri_calendar.json,1440-11-12,1440-11-12
2019-07-16,13,11,Ziquad,1440,16,July,7,2019,Y2019-hijri_calendar.json,1440-11-13,1440-11-13
2019-07-17,14,11,Ziquad,1440,17,July,7,2019,Y2019-hijri_calendar.json,1440-11-14,1440-11-14
2019-07-18,15,11,Ziquad,1440,18,July,7,2019,Y2019-hijri_calendar.json,1440-11-15,1440-11-15
2019-07-19,16,11,Ziquad,1440,19,July,7,2019,Y2019-hijri_calendar.json,1440-11-16,1440-11-16
2019-07-20,17,11,Ziquad,1440,20,July,7,2019,Y2019-hijri_calendar.json,1440-11-17,1440-11-17
2019-07-21,18,11,Ziquad,1440,21,July,7,2019,Y2019-hijri_calendar.json,1440-11-18,1440-11-18
2019-07-22,19,11,Ziquad,1440,22,July,7,2019,Y2019-hijri_calendar.json,1440-11-19,1440-11-19
2019-07-23,20,11,Ziquad,1440,23,July,7,2019,Y2019-hijri_calendar.json,1440-11-20,1440-11-20
2019-07-24,21,11,Ziquad,1440,24,July,7,2019,Y2019-hijri_calendar.json,1440-11-21,1440-11-21
2019-07-25,22,11,Ziquad,1440,25,July,7,2019,Y2019-hijri_calendar.json,1440-11-22,1440-11-22
2019-07-26,23,11,Ziquad,1440,26,July,7,2019,Y2019-hijri_calendar.json,1440-11-23,1440-11-23
2019-07-27,24,11,Ziquad,1440,27,July,7,2019,Y2019-hijri_calendar.json,1440-11-24,1440-11-24
2019-07-28,25,11,Ziquad,1440,28,July,7,2019,Y2019-hijri_calendar.json,1440-11-25,1440-11-25
2019-07-29,26,11,Ziquad,1440,29,July,7,2019,Y2019-hijri_calendar.json,1440-11-26,1440-11-26
2019-07-30,27,11,Ziquad,1440,30,July,7,2019,Y2019-hijri_calendar.json,1440-11-27,1440-11-27
2019-07-31,28,11,Ziquad,1440,31,July,7,2019,Y2019-hijri_calendar.json,1440-11-28,1440-11-28
2019-08-01,29,11,Ziquad,1440,1,August,8,2019,Y2019-hijri_calendar.json,1440-11-29,1440-11-29
2019-08-02,30,11,Ziquad,1440,2,August,8,2019,Y2019-hijri_calendar.json,1440-11-30,1440-11-30
2019-08-03,1,12,Zilhij,1440,3,August,8,2019,Y2019-hijri_calendar.json,1440-12-01,1440-12-01
2019-08-04,2,12,Zilhij,1440,4,August,8,2019,Y2019-hijri_calendar.json,1440-12-02,1440-12-02
2019-08-05,3,12,Zilhij,1440,5,August,8,2019,Y2019-hijri_calendar.json,1440-12-03,1440-12-03
2019-08-06,4,12,Zilhij,1440,6,August,8,2019,Y2019-hijri_calendar.json,1440-12-04,1440-12-04
2019-08-07,5,12,Zilhij,1440,7,August,8,2019,Y2019-hijri_calendar.json,1440-12-05,1440-12-05
2019-08-08,6,12,Zilhij,1440,8,August,8,2019,Y2019-hijri_calendar.json,1440-12-06,1440-12-06
2019-08-09,7,12,Zilhij,1440,9,August,8,2019,Y2019-hijri_calendar.json,1440-12-07,1440-12-07
2019-08-10,8,12,Zilhij,1440,10,August,8,2019,Y2019-hijri_calendar.json,1440-12-08,1440-12-08
2019-08-11,9,12,Zilhij,1440,11,August,8,2019,Y2019-hijri_calendar.json,1440-12-09,1440-12-09
2019-08-12,10,12,Zilhij,1440,12,August,8,2019,Y2019-hijri_calendar.json,1440-12-10,1440-12-10
2019-08-13,11,12,Zilhij,1440,13,August,8,2019,Y2019-hijri_calendar.json,1440-12-11,1440-12-11
2019-08-14,12,12,Zilhij,1440,14,August,8,2019,Y2019-hijri_calendar.json,1440-12-12,1440-12-12
2019-08-15,13,12,Zilhij,1440,15,August,8,2019,Y2019-hijri_calendar.json,1440-12-13,1440-12-13
2019-08-16,14,12,Zilhij,1440,16,August,8,2019,Y2019-hijri_calendar.json,1440-12-14,1440-12-14
2019-08-17,15,12,Zilhij,1440,17,August,8,2019,Y2019-hijri_calendar.json,1440-12-15,1440-12-15
2019-08-18,16,12,Zilhij,1440,18,August,8,2019,Y2019-hijri_calendar.json,1440-12-16,1440-12-16
2019-08-19,17,12,Zilhij,1440,19,August,8,2019,Y2019-hijri_calendar.json,1440-12-17,1440-12-17
2019-08-20,18,12,Zilhij,1440,20,August,8,2019,Y2019-hijri_calendar.json,1440-12-18,1440-12-18
2019-08-21,19,12,Zilhij,1440,21,August,8,2019,Y2019-hijri_calendar.json,1440-12-19,1440-12-19
2019-08-22,20,12,Zilhij,1440,22,August,8,2019,Y2019-hijri_calendar.json,1440-12-20,1440-12-20
2019-08-23,21,12,Zilhij,1440,23,August,8,2019,Y2019-hijri_calendar.json,1440-12-21,1440-12-21
2019-08-24,22,12,Zilhij,1440,24,August,8,2019,Y2019-hijri_calendar.json,1440-12-22,1440-12-22
2019-08-25,23,12,Zilhij,1440,25,August,8,2019,Y2019-hijri_calendar.json,1440-12-23,1440-12-23
2019-08-26,24,12,Zilhij,1440,26,August,8,2019,Y2019-hijri_calendar.json,1440-12-24,1440-12-24
2019-08-27,25,12,Zilhij,1440,27,August,8,2019,Y2019-hijri_calendar.json,1440-12-25,1440-12-25
2019-08-28,26,12,Zilhij,1440,28,August,8,2019,Y2019-hijri_calendar.json,1440-12-26,1440-12-26
2019-08-29,27,12,Zilhij,1440,29,August,8,2019,Y2019-hijri_calendar.json,1440-12-27,1440-12-27
2019-08-30,28,12,Zilhij,1440,30,August,8,2019,Y2019-hijri_calendar.json,1440-12-28,1440-12-28
2019-08-31,29,12,Zilhij,1440,31,August,8,2019,Y2019-hijri_calendar.json,1440-12-29,1440-12-29
2019-09-01,1,1,MUHARRAM,1441,1,September,9,2019,Y2019-hijri_calendar.json,1441-01-01,1441-01-01
2019-09-02,2,1,MUHARRAM,1441,2,September,9,2019,Y2019-hijri_calendar.json,1441-01-02,1441-01-02
2019-09-03,3,1,MUHARRAM,1441,3,September,9,2019,Y2019-hijri_calendar.json,1441-01-03,1441-01-03
2019-09-04,4,1,MUHARRAM,1441,4,September,9,2019,Y2019-hijri_calendar.json,1441-01-04,1441-01-04
2019-09-05,5,1,MUHARRAM,1441,5,September,9,2019,Y2019-hijri_calendar.json,1441-01-05,1441-01-05
2019-09-06,6,1,MUHARRAM,1441,6,September,9,2019,Y2019-hijri_calendar.json,1441-01-06,1441-01-06
2019-09-07,7,1,MUHARRAM,1441,7,September,9,2019,Y2019-hijri_calendar.json,1441-01-07,1441-01-07
2019-09-08,8,1,MUHARRAM,1441,8,September,9,2019,Y2019-hijri_calendar.json,1441-01-08,1441-01-08
2019-09-09,9,1,MUHARRAM,1441,9,September,9,2019,Y2019-hijri_calendar.json,1441-01-09,1441-01-09
2019-09-10,10,1,MUHARRAM,1441,10,September,9,2019,Y2019-hijri_calendar.json,1441-01-10,1441-01-10
2019-09-11,11,1,MUHARRAM,1441,11,September,9,2019,Y2019-hijri_calendar.json,1441-01-11,1441-01-11
2019-09-12,12,1,MUHARRAM,1441,12,September,9,2019,Y2019-hijri_calendar.json,1441-01-12,1441-01-12
2019-09-13,13,1,MUHARRAM,1441,13,September,9,2019,Y2019-hijri_calendar.json,1441-01-13,1441-01-13
2019-09-14,14,1,MUHARRAM,1441,14,September,9,2019,Y2019-hijri_calendar.json,1441-01-14,1441-01-14
2019-09-15,15,1,MUHARRAM,1441,15,September,9,2019,Y2019-hijri_calendar.json,1441-01-15,1441-01-15
2019-09-16,16,1,MUHARRAM,1441,16,September,9,2019,Y2019-hijri_calendar.json,1441-01-16,1441-01-16
2019-09-17,17,1,MUHARRAM,1441,17,September,9,2019,Y2019-hijri_calendar.json,1441-01-17,1441-01-17
2019-09-18,18,1,MUHARRAM,1441,18,September,9,2019,Y2019-hijri_calendar.json,1441-01-18,1441-01-18
2019-09-19,19,1,MUHARRAM,1441,19,September,9,2019,Y2019-hijri_calendar.json,1441-01-19,1441-01-19
2019-09-20,20,1,MUHARRAM,1441,20,September,9,2019,Y2019-hijri_calendar.json,1441-01-20,1441-01-20
2019-09-21,21,1,MUHARRAM,1441,21,September,9,2019,Y2019-hijri_calendar.json,1441-01-21,1441-01-21
2019-09-22,22,1,MUHARRAM,1441,22,September,9,2019,Y2019-hijri_calendar.json,1441-01-22,1441-01-22
2019-09-23,23,1,MUHARRAM,1441,23,September,9,2019,Y2019-hijri_calendar.json,1441-01-23,1441-01-23
2019-09-24,24,1,MUHARRAM,1441,24,September,9,2019,Y2019-hijri_calendar.json,1441-01-24,1441-01-24
2019-09-25,25,1,MUHARRAM,1441,25,September,9,2019,Y2019-hijri_calendar.json,1441-01-25,1441-01-25
2019-09-26,26,1,MUHARRAM,1441,26,September,9,2019,Y2019-hijri_calendar.json,1441-01-26,1441-01-26
2019-09-27,27,1,MUHARRAM,1441,27,September,9,2019,Y2019-hijri_calendar.json,1441-01-27,1441-01-27
2019-09-28,28,1,MUHARRAM,1441,28,September,9,2019,Y2019-hijri_calendar.json,1441-01-28,1441-01-28
2019-09-29,29,1,MUHARRAM,1441,29,September,9,2019,Y2019-hijri_calendar.json,1441-01-29,1441-01-29
2019-09-30,1,2,Safar,1441,30,September,9,2019,Y2019-hijri_calendar.json,1441-02-01,1441-02-01
2019-10-01,2,2,Safar,1441,1,October,10,2019,Y2019-hijri_calendar.json,1441-02-02,1441-02-02
2019-10-02,3,2,Safar,1441,2,October,10,2019,Y2019-hijri_calendar.json,1441-02-03,1441-02-03
2019-10-03,4,2,Safar,1441,3,October,10,2019,Y2019-hijri_calendar.json,1441-02-04,1441-02-04
2019-10-04,5,2,Safar,1441,4,October,10,2019,Y2019-hijri_calendar.json,1441-02-05,1441-02-05
2019-10-05,6,2,Safar,1441,5,October,10,2019,Y2019-hijri_calendar.json,1441-02-06,1441-02-06
2019-10-06,7,2,Safar,1441,6,October,10,2019,Y2019-hijri_calendar.json,1441-02-07,1441-02-07
2019-10-07,8,2,Safar,1441,7,October,10,2019,Y2019-hijri_calendar.json,1441-02-08,1441-02-08
2019-10-08,9,2,Safar,1441,8,October,10,2019,Y2019-hijri_calendar.json,1441-02-09,1441-02-09
2019-10-09,10,2,Safar,1441,9,October,10,2019,Y2019-hijri_calendar.json,1441-02-10,1441-02-10
2019-10-10,11,2,Safar,1441,10,October,10,2019,Y2019-hijri_calendar.json,1441-02-11,1441-02-11
2019-10-11,12,2,Safar,1441,11,October,10,2019,Y2019-hijri_calendar.json,1441-02-12,1441-02-12
2019-10-12,13,2,Safar,1441,12,October,10,2019,Y2019-hijri_calendar.json,1441-02-13,1441-02-13
2019-10-13,14,2,Safar,1441,13,October,10,2019,Y2019-hijri_calendar.json,1441-02-14,1441-02-14
2019-10-14,15,2,Safar,1441,14,October,10,2019,Y2019-hijri_calendar.json,1441-02-15,1441-02-15
2019-10-15,16,2,Safar,1441,15,October,10,2019,Y2019-hijri_calendar.json,1441-02-16,1441-02-16
2019-10-16,17,2,Safar,1441,16,October,10,2019,Y2019-hijri_calendar.json,1441-02-17,1441-02-17
2019-10-17,18,2,Safar,1441,17,October,10,2019,Y2019-hijri_calendar.json,1441-02-18,1441-02-18
2019-10-18,19,2,Safar,1441,18,October,10,2019,Y2019-hijri_calendar.json,1441-02-19,1441-02-19
2019-10-19,20,2,Safar,1441,19,October,10,2019,Y2019-hijri_calendar.json,1441-02-20,1441-02-20
2019-10-20,21,2,Safar,1441,20,October,10,2019,Y2019-hijri_calendar.json,1441-02-21,1441-02-21
2019-10-21,22,2,Safar,1441,21,October,10,2019,Y2019-hijri_calendar.json,1441-02-22,1441-02-22
2019-10-22,23,2,Safar,1441,22,October,10,2019,Y2019-hijri_calendar.json,1441-02-23,1441-02-23
2019-10-23,24,2,Safar,1441,23,October,10,2019,Y2019-hijri_calendar.json,1441-02-24,1441-02-24
2019-10-24,25,2,Safar,1441,24,October,10,2019,Y2019-hijri_calendar.json,1441-02-25,1441-02-25
2019-10-25,26,2,Safar,1441,25,October,10,2019,Y2019-hijri_calendar.json,1441-02-26,1441-02-26
2019-10-26,27,2,Safar,1441,26,October,10,2019,Y2019-hijri_calendar.json,1441-02-27,1441-02-27
2019-10-27,28,2,Safar,1441,27,October,10,2019,Y2019-hijri_calendar.json,1441-02-28,1441-02-28
2019-10-28,29,2,Safar,1441,28,October,10,2019,Y2019-hijri_calendar.json,1441-02-29,1441-02-29
2019-10-29,30,2,Safar,1441,29,October,10,2019,Y2019-hijri_calendar.json,1441-02-30,1441-02-30
2019-10-30,1,3,RABI-UL-AWWAL,1441,30,October,10,2019,Y2019-hijri_calendar.json,1441-03-01,1441-03-01
2019-10-31,2,3,RABI-UL-AWWAL,1441,31,October,10,2019,Y2019-hijri_calendar.json,1441-03-02,1441-03-02
2019-11-01,3,3,RABI-UL-AWWAL,1441,1,November,11,2019,Y2019-hijri_calendar.json,1441-03-03,1441-03-03
2019-11-02,4,3,RABI-UL-AWWAL,1441,2,November,11,2019,Y2019-hijri_calendar.json,1441-03-04,1441-03-04
2019-11-03,5,3,RABI-UL-AWWAL,1441,3,November,11,2019,Y2019-hijri_calendar.json,1441-03-05,1441-03-05
2019-11-04,6,3,RABI-UL-AWWAL,1441,4,November,11,2019,Y2019-hijri_calendar.json,1441-03-06,1441-03-06
2019-11-05,7,3,RABI-UL-AWWAL,1441,5,November,11,2019,Y2019-hijri_calendar.json,1441-03-07,1441-03-07
2019-11-06,8,3,RABI-UL-AWWAL,1441,6,November,11,2019,Y2019-hijri_calendar.json,1441-03-08,1441-03-08
2019-11-07,9,3,RABI-UL-AWWAL,1441,7,November,11,2019,Y2019-hijri_calendar.json,1441-03-09,1441-03-09
2019-11-08,10,3,RABI-UL-AWWAL,1441,8,November,11,2019,Y2019-hijri_calendar.json,1441-03-10,1441-03-10
2019-11-09,11,3,RABI-UL-AWWAL,1441,9,November,11,2019,Y2019-hijri_calendar.json,1441-03-11,1441-03-11
2019-11-10,12,3,RABI-UL-AWWAL,1441,10,November,11,2019,Y2019-hijri_calendar.json,1441-03-12,1441-03-12
2019-11-11,13,3,RABI-UL-AWWAL,1441,11,November,11,2019,Y2019-hijri_calendar.json,1441-03-13,1441-03-13
2019-11-12,14,3,RABI-UL-AWWAL,1441,12,November,11,2019,Y2019-hijri_calendar.json,1441-03-14,1441-03-14
2019-11-13,15,3,RABI-UL-AWWAL,1441,13,November,11,2019,Y2019-hijri_calendar.json,1441-03-15,1441-03-15
2019-11-14,16,3,RABI-UL-AWWAL,1441,14,November,11,2019,Y2019-hijri_calendar.json,1441-03-16,1441-03-16
2019-11-15,17,3,RABI-UL-AWWAL,1441,15,November,11,2019,Y2019-hijri_calendar.json,1441-03-17,1441-03-17
2019-11-16,18,3,RABI-UL-AWWAL,1441,16,November,11,2019,Y2019-hijri_calendar.json,1441-03-18,1441-03-18
2019-11-17,19,3,RABI-UL-AWWAL,1441,17,November,11,2019,Y2019-hijri_calendar.json,1441-03-19,1441-03-19
2019-11-18,20,3,RABI-UL-AWWAL,1441,18,November,11,2019,Y2019-hijri_calendar.json,1441-03-20,1441-03-20
2019-11-19,21,3,RABI-UL-AWWAL,1441,19,November,11,2019,Y2019-hijri_calendar.json,1441-03-21,1441-03-21
2019-11-20,22,3,RABI-UL-AWWAL,1441,20,November,11,2019,Y2019-hijri_calendar.json,1441-03-22,1441-03-22
2019-11-21,23,3,RABI-UL-AWWAL,1441,21,November,11,2019,Y2019-hijri_calendar.json,1441-03-23,1441-03-23
2019-11-22,24,3,RABI-UL-AWWAL,1441,22,November,11,2019,Y2019-hijri_calendar.json,1441-03-24,1441-03-24
2019-11-23,25,3,RABI-UL-AWWAL,1441,23,November,11,2019,Y2019-hijri_calendar.json,1441-03-25,1441-03-25
2019-11-24,26,3,RABI-UL-AWWAL,1441,24,November,11,2019,Y2019-hijri_calendar.json,1441-03-26,1441-03-26
2019-11-25,27,3,RABI-UL-AWWAL,1441,25,November,11,2019,Y2019-hijri_calendar.json,1441-03-27,1441-03-27
2019-11-26,28,3,RABI-UL-AWWAL,1441,26,November,11,2019,Y2019-hijri_calendar.json,1441-03-28,1441-03-28
2019-11-27,29,3,RABI-UL-AWWAL,1441,27,November,11,2019,Y2019-hijri_calendar.json,1441-03-29,1441-03-29
2019-11-28,1,4,Rabi-us-Sani,1441,28,November,11,2019,Y2019-hijri_calendar.json,1441-04-01,1441-04-01
2019-11-29,2,4,Rabi-us-Sani,1441,29,November,11,2019,Y2019-hijri_calendar.json,1441-04-02,1441-04-02
2019-11-30,3,4,Rabi-us-Sani,1441,30,November,11,2019,Y2019-hijri_calendar.json,1441-04-03,1441-04-03
2019-12-01,4,4,Rabi-us-Sani,1441,1,December,12,2019,Y2019-hijri_calendar.json,1441-04-04,1441-04-04
2019-12-02,5,4,Rabi-us-Sani,1441,2,December,12,2019,Y2019-hijri_calendar.json,1441-04-05,1441-04-05
2019-12-03,6,4,Rabi-us-Sani,1441,3,December,12,2019,Y2019-hijri_calendar.json,1441-04-06,1441-04-06
2019-12-04,7,4,Rabi-us-Sani,1441,4,December,12,2019,Y2019-hijri_calendar.json,1441-04-07,1441-04-07
2019-12-05,8,4,Rabi-us-Sani,1441,5,December,12,2019,Y2019-hijri_calendar.json,1441-04-08,1441-04-08
2019-12-06,9,4,Rabi-us-Sani,1441,6,December,12,2019,Y2019-hijri_calendar.json,1441-04-09,1441-04-09
2019-12-07,10,4,Rabi-us-Sani,1441,7,December,12,2019,Y2019-hijri_calendar.json,1441-04-10,1441-04-10
2019-12-08,11,4,Rabi-us-Sani,1441,8,December,12,2019,Y2019-hijri_calendar.json,1441-04-11,1441-04-11
2019-12-09,12,4,Rabi-us-Sani,1441,9,December,12,2019,Y2019-hijri_calendar.json,1441-04-12,1441-04-12
2019-12-10,13,4,Rabi-us-Sani,1441,10,December,12,2019,Y2019-hijri_calendar.json,1441-04-13,1441-04-13
2019-12-11,14,4,Rabi-us-Sani,1441,11,December,12,2019,Y2019-hijri_calendar.json,1441-04-14,1441-04-14
2019-12-12,15,4,Rabi-us-Sani,1441,12,December,12,2019,Y2019-hijri_calendar.json,1441-04-15,1441-04-15
2019-12-13,16,4,Rabi-us-Sani,1441,13,December,12,2019,Y2019-hijri_calendar.json,1441-04-16,1441-04-16
2019-12-14,17,4,Rabi-us-Sani,1441,14,December,12,2019,Y2019-hijri_calendar.json,1441-04-17,1441-04-17
2019-12-15,18,4,Rabi-us-Sani,1441,15,December,12,2019,Y2019-hijri_calendar.json,1441-04-18,1441-04-18
2019-12-16,19,4,Rabi-us-Sani,1441,16,December,12,2019,Y2019-hijri_calendar.json,1441-04-19,1441-04-19
2019-12-17,20,4,Rabi-us-Sani,1441,17,December,12,2019,Y2019-hijri_calendar.json,1441-04-20,1441-04-20
2019-12-18,21,4,Rabi-us-Sani,1441,18,December,12,2019,Y2019-hijri_calendar.json,1441-04-21,1441-04-21
2019-12-19,22,4,Rabi-us-Sani,1441,19,December,12,2019,Y2019-hijri_calendar.json,1441-04-22,1441-04-22
2019-12-20,23,4,Rabi-us-Sani,1441,20,December,12,2019,Y2019-hijri_calendar.json,1441-04-23,1441-04-23
2019-12-21,24,4,Rabi-us-Sani,1441,21,December,12,2019,Y2019-hijri_calendar.json,1441-04-24,1441-04-24
2019-12-22,25,4,Rabi-us-Sani,1441,22,December,12,2019,Y2019-hijri_calendar.json,1441-04-25,1441-04-25
2019-12-23,26,4,Rabi-us-Sani,1441,23,December,12,2019,Y2019-hijri_calendar.json,1441-04-26,1441-04-26
2019-12-24,27,4,Rabi-us-Sani,1441,24,December,12,2019,Y2019-hijri_calendar.json,1441-04-27,1441-04-27
2019-12-25,28,4,Rabi-us-Sani,1441,25,December,12,2019,Y2019-hijri_calendar.json,1441-04-28,1441-04-28
2019-12-26,29,4,Rabi-us-Sani,1441,26,December,12,2019,Y2019-hijri_calendar.json,1441-04-29,1441-04-29
2019-12-27,30,4,Rabi-us-Sani,1441,27,December,12,2019,Y2019-hijri_calendar.json,1441-04-30,1441-04-30
2019-12-28,1,5,JAMADI-UL-AWWAL,1441,28,December,12,2019,Y2019-hijri_calendar.json,1441-05-01,1441-05-01
2019-12-29,2,5,JAMADI-UL-AWWAL,1441,29,December,12,2019,Y2019-hijri_calendar.json,1441-05-02,1441-05-02
2019-12-30,3,5,JAMADI-UL-AWWAL,1441,30,December,12,2019,Y2019-hijri_calendar.json,1441-05-03,1441-05-03
2019-12-31,4,5,JAMADI-UL-AWWAL,1441,31,December,12,2019,Y2019-hijri_calendar.json,1441-05-04,1441-05-04
