LunarDay,LunarMonth,LunarYear,Day,Month,Year
1,Shawwal,1440,5,June,2019
2,Shawwal,1440,6,June,2019
3,Shawwal,1440,7,June,2019
4,Shawwal,1440,8,June,2019
5,Shawwal,1440,9,June,2019
6,Shawwal,1440,10,June,2019
7,Shawwal,1440,11,June,2019
8,Shawwal,1440,12,June,2019
9,Shawwal,1440,13,June,2019
10,Shawwal,1440,14,June,2019
11,Shawwal,1440,15,June,2019
12,Shawwal,1440,16,June,2019
13,Shawwal,1440,17,June,2019
14,Shawwal,1440,18,June,2019
15,Shawwal,1440,19,June,2019
16,Shawwal,1440,20,June,2019
17,Shawwal,1440,21,June,2019
18,Shawwal,1440,22,June,2019
19,Shawwal,1440,23,June,2019
20,Shawwal,1440,24,June,2019
21,Shawwal,1440,25,June,2019
22,Shawwal,1440,26,June,2019
23,Shawwal,1440,27,June,2019
24,Shawwal,1440,28,June,2019
25,Shawwal,1440,29,June,2019
26,Shawwal,1440,30,June,2019
27,Shawwal,1440,1,July,2019
28,Shawwal,1440,2,July,2019
29,Shawwal,1440,3,July,2019
1,Ziquad,1440,4,July,2019
2,Ziquad,1440,5,July,2019
3,Ziquad,1440,6,July,2019
4,Ziquad,1440,7,July,2019
5,Ziquad,1440,8,July,2019
6,Ziquad,1440,9,July,2019
7,Ziquad,1440,10,July,2019
8,Ziquad,1440,11,July,2019
9,Ziquad,1440,12,July,2019
10,Ziquad,1440,13,July,2019
11,Ziquad,1440,14,July,2019
12,Ziquad,1440,15,July,2019
13,Ziquad,1440,16,July,2019
14,Ziquad,1440,17,July,2019
15,Ziquad,1440,18,July,2019
16,Ziquad,1440,19,July,2019
17,Ziquad,1440,20,July,2019
18,Ziquad,1440,21,July,2019
19,Ziquad,1440,22,July,2019
20,Ziquad,1440,23,July,2019
21,Ziquad,1440,24,July,2019
22,Ziquad,1440,25,July,2019
23,Ziquad,1440,26,July,2019
24,Ziquad,1440,27,July,2019
25,Ziquad,1440,28,July,2019
26,Ziquad,1440,29,July,2019
27,Ziquad,1440,30,July,2019
28,Ziquad,1440,31,July,2019
29,Ziquad,1440,1,August,2019
30,Ziquad,1440,2,August,2019
1,Zilhij,1440,3,August,2019
2,Zilhij,1440,4,August,2019
3,Zilhij,1440,5,August,2019
4,Zilhij,1440,6,August,2019
5,Zilhij,1440,7,August,2019
6,Zilhij,1440,8,August,2019
7,Zilhij,1440,9,August,2019
8,Zilhij,1440,10,August,2019
9,Zilhij,1440,11,August,2019
10,Zilhij,1440,12,August,2019
11,Zilhij,1440,13,August,2019
12,Zilhij,1440,14,August,2019
13,Zilhij,1440,15,August,2019
14,Zilhij,1440,16,August,2019
15,Zilhij,1440,17,August,2019
16,Zilhij,1440,18,August,2019
17,Zilhij,1440,19,August,2019
18,Zilhij,1440,20,August,2019
19,Zilhij,1440,21,August,2019
20,Zilhij,1440,22,August,2019
21,Zilhij,1440,23,August,2019
22,Zilhij,1440,24,August,2019
23,Zilhij,1440,25,August,2019
24,Zilhij,1440,26,August,2019
25,Zilhij,1440,27,August,2019
26,Zilhij,1440,28,August,2019
27,Zilhij,1440,29,August,2019
28,Zilhij,1440,30,August,2019
29,Zilhij,1440,31,August,2019
1,MUHARRAM,1441,1,September,2019
2,MUHARRAM,1441,2,September,2019
3,MUHARRAM,1441,3,September,2019
4,MUHARRAM,1441,4,September,2019
5,MUHARRAM,1441,5,September,2019
6,MUHARRAM,1441,6,September,2019
7,MUHARRAM,1441,7,September,2019
8,MUHARRAM,1441,8,September,2019
9,MUHARRAM,1441,9,September,2019
10,MUHARRAM,1441,10,September,2019
11,MUHARRAM,1441,11,September,2019
12,MUHARRAM,1441,12,September,2019
13,MUHARRAM,1441,13,September,2019
14,MUHARRAM,1441,14,September,2019
15,MUHARRAM,1441,15,September,2019
16,MUHARRAM,1441,16,September,2019
17,MUHARRAM,1441,17,September,2019
18,MUHARRAM,1441,18,September,2019
19,MUHARRAM,1441,19,September,2019
20,MUHARRAM,1441,20,September,2019
21,MUHARRAM,1441,21,September,2019
22,MUHARRAM,1441,22,September,2019
23,MUHARRAM,1441,23,September,2019
24,MUHARRAM,1441,24,September,2019
25,MUHARRAM,1441,25,September,2019
26,MUHARRAM,1441,26,September,2019
27,MUHARRAM,1441,27,September,2019
28,MUHARRAM,1441,28,September,2019
29,MUHARRAM,1441,29,September,2019
1,Safar,1441,30,September,2019
2,Safar,1441,1,October,2019
3,Safar,1441,2,October,2019
4,Safar,1441,3,October,2019
5,Safar,1441,4,October,2019
6,Safar,1441,5,October,2019
7,Safar,1441,6,October,2019
8,Safar,1441,7,October,2019
9,Safar,1441,8,October,2019
10,Safar,1441,9,October,2019
11,Safar,1441,10,October,2019
12,Safar,1441,11,October,2019
13,Safar,1441,12,October,2019
14,Safar,1441,13,October,2019
15,Safar,1441,14,October,2019
16,Safar,1441,15,October,2019
17,Safar,1441,16,October,2019
18,Safar,1441,17,October,2019
19,Safar,1441,18,October,2019
20,Safar,1441,19,October,2019
21,Safar,1441,20,October,2019
22,Safar,1441,21,October,2019
23,Safar,1441,22,October,2019
24,Safar,1441,23,October,2019
25,Safar,1441,24,October,2019
26,Safar,1441,25,October,2019
27,Safar,1441,26,October,2019
28,Safar,1441,27,October,2019
29,Safar,1441,28,October,2019
30,Safar,1441,29,October,2019
1,RABI-UL-AWWAL,1441,30,October,2019
2,RABI-UL-AWWAL,1441,31,October,2019
3,RABI-UL-AWWAL,1441,1,November,2019
4,RABI-UL-AWWAL,1441,2,November,2019
5,RABI-UL-AWWAL,1441,3,November,2019
6,RABI-UL-AWWAL,1441,4,November,2019
7,RABI-UL-AWWAL,1441,5,November,2019
8,RABI-UL-AWWAL,1441,6,November,2019
9,RABI-UL-AWWAL,1441,7,November,2019
10,RABI-UL-AWWAL,1441,8,November,2019
11,RABI-UL-AWWAL,1441,9,November,2019
12,RABI-UL-AWWAL,1441,10,November,2019
13,RABI-UL-AWWAL,1441,11,November,2019
14,RABI-UL-AWWAL,1441,12,November,2019
15,RABI-UL-AWWAL,1441,13,November,2019
16,RABI-UL-AWWAL,1441,14,November,2019
17,RABI-UL-AWWAL,1441,15,November,2019
18,RABI-UL-AWWAL,1441,16,November,2019
19,RABI-UL-AWWAL,1441,17,November,2019
20,RABI-UL-AWWAL,1441,18,November,2019
21,RABI-UL-AWWAL,1441,19,November,2019
22,RABI-UL-AWWAL,1441,20,November,2019
23,RABI-UL-AWWAL,1441,21,November,2019
24,RABI-UL-AWWAL,1441,22,November,2019
25,RABI-UL-AWWAL,1441,23,November,2019
26,RABI-UL-AWWAL,1441,24,November,2019
27,RABI-UL-AWWAL,1441,25,November,2019
28,RABI-UL-AWWAL,1441,26,November,2019
29,RABI-UL-AWWAL,1441,27,November,2019
1,Rabi-us-Sani,1441,28,November,2019
2,Rabi-us-Sani,1441,29,November,2019
3,Rabi-us-Sani,1441,30,November,2019
4,Rabi-us-Sani,1441,1,December,2019
5,Rabi-us-Sani,1441,2,December,2019
6,Rabi-us-Sani,1441,3,December,2019
7,Rabi-us-Sani,1441,4,December,2019
8,Rabi-us-Sani,1441,5,December,2019
9,Rabi-us-Sani,1441,6,December,2019
10,Rabi-us-Sani,1441,7,December,2019
11,Rabi-us-Sani,1441,8,December,2019
12,Rabi-us-Sani,1441,9,December,2019
13,Rabi-us-Sani,1441,10,December,2019
14,Rabi-us-Sani,1441,11,December,2019
15,Rabi-us-Sani,1441,12,December,2019
16,Rabi-us-Sani,1441,13,December,2019
17,Rabi-us-Sani,1441,14,December,2019
18,Rabi-us-Sani,1441,15,December,2019
19,Rabi-us-Sani,1441,16,December,2019
20,Rabi-us-Sani,1441,17,December,2019
21,Rabi-us-Sani,1441,18,December,2019
22,Rabi-us-Sani,1441,19,December,2019
23,Rabi-us-Sani,1441,20,December,2019
24,Rabi-us-Sani,1441,21,December,2019
25,Rabi-us-Sani,1441,22,December,2019
26,Rabi-us-Sani,1441,23,December,2019
27,Rabi-us-Sani,1441,24,December,2019
28,Rabi-us-Sani,1441,25,December,2019
29,Rabi-us-Sani,1441,26,December,2019
30,Rabi-us-Sani,1441,27,December,2019
1,JAMADI-UL-AWWAL,1441,28,December,2019
2,JAMADI-UL-AWWAL,1441,29,December,2019
3,JAMADI-UL-AWWAL,1441,30,December,2019
4,JAMADI-UL-AWWAL,1441,31,December,2019